{"accuracy": [0.7986522912979126, 0.9361186027526855, 0.5549865365028381, 0.5929918885231018, 0.9150943160057068, 0.9037736058235168, 0.9477089047431946, 0.9479784369468689, 0.9485175013542175, 0.7824797630310059, 0.9390835762023926, 0.9487870335578918, 0.9490566253662109, 0.9490566253662109, 0.8897573947906494, 0.9409703612327576, 0.9490566253662109, 0.9490566253662109, 0.9490566253662109, 0.9490566253662109, 0.9490566253662109, 0.9474393725395203, 0.9385444521903992, 0.8902965188026428, 0.9455525875091553, 0.9479784369468689, 0.9490566253662109, 0.9490566253662109, 0.9490566253662109, 0.9490566253662109, 0.9490566253662109, 0.9490566253662109, 0.9490566253662109, 0.9490566253662109, 0.9490566253662109], "loss": [0.410765677690506, 0.20775052905082703, 0.6907793879508972, 0.6561064124107361, 0.28820931911468506, 0.303481787443161, 0.18496330082416534, 0.16281339526176453, 0.16552463173866272, 0.49254924058914185, 0.2100687325000763, 0.16820378601551056, 0.16024860739707947, 0.17055177688598633, 0.3754379153251648, 0.19874639809131622, 0.16922356188297272, 0.16365772485733032, 0.15982770919799805, 0.15997414290905, 0.15879660844802856, 0.16382600367069244, 0.17646273970603943, 0.29423457384109497, 0.17399132251739502, 0.16404105722904205, 0.15887175500392914, 0.15863293409347534, 0.15586493909358978, 0.15444962680339813, 0.1556098908185959, 0.1536688506603241, 0.15240098536014557, 0.15455923974514008, 0.15257233381271362], "val_accuracy": [0.952201247215271, 0.952201247215271, 0.4716981053352356, 0.9308176040649414, 0.6654087901115417, 0.9597484469413757, 0.9547169804573059, 0.9584905505180359, 0.6855345964431763, 0.9358490705490112, 0.9597484469413757, 0.9597484469413757, 0.9597484469413757, 0.9597484469413757, 0.9823899269104004, 0.9597484469413757, 0.9597484469413757, 0.9597484469413757, 0.9597484469413757, 0.9597484469413757, 0.9597484469413757, 0.952201247215271, 0.9534591436386108, 0.9597484469413757, 0.9597484469413757, 0.9597484469413757, 0.9597484469413757, 0.9597484469413757, 0.9597484469413757, 0.9597484469413757, 0.9597484469413757, 0.9597484469413757, 0.9597484469413757, 0.9597484469413757, 0.9597484469413757], "val_loss": [0.16542166471481323, 0.1601540595293045, 0.6956928372383118, 0.27784591913223267, 0.8864141702651978, 0.14931896328926086, 0.14162036776542664, 0.14134788513183594, 1.8923890590667725, 0.2062339186668396, 0.13555367290973663, 0.13271023333072662, 0.15046371519565582, 0.13179436326026917, 0.08687186241149902, 0.13647016882896423, 0.13040634989738464, 0.12879160046577454, 0.12769894301891327, 0.12758298218250275, 0.1288619488477707, 0.14411236345767975, 0.15517699718475342, 0.15014386177062988, 0.14182725548744202, 0.12726788222789764, 0.12766674160957336, 0.13557809591293335, 0.13108788430690765, 0.1294631063938141, 0.13230042159557343, 0.12964323163032532, 0.13293059170246124, 0.13332462310791016, 0.12939895689487457]}